maze_id,algorithm,success,runtime_ms,nodes_expanded,path_length,optimal,efficiency
1,BFS,True,0.46320900000296206,40,20,True,0.5
1,DFS,True,0.29062500000165414,42,39,False,0.9285714285714286
1,A*,True,0.35616699999962975,34,20,True,0.5882352941176471
1,ACO,True,840.885832999998,74342,20,True,0.0002690269295956525
2,BFS,True,0.2004999999982715,30,13,True,0.43333333333333335
2,DFS,True,0.15066600000324115,23,20,False,0.8695652173913043
2,A*,True,0.22545899999926178,24,13,True,0.5416666666666666
2,ACO,True,120.31400000000048,10683,13,True,0.0012168866423289339
3,BFS,True,0.2596249999982092,42,21,True,0.5
3,DFS,True,0.1416670000011777,22,21,True,0.9545454545454546
3,A*,True,0.2615419999969504,28,21,True,0.75
3,ACO,True,289.07587500000176,25242,21,True,0.0008319467554076539
4,BFS,True,0.07058400000659049,11,9,True,0.8181818181818182
4,DFS,True,0.14854199999803086,23,22,False,0.9565217391304348
4,A*,True,0.0919169999988867,10,9,True,0.9
4,ACO,True,68.78249999999753,7000,9,True,0.0012857142857142856
5,BFS,True,0.12662500000004684,20,15,True,0.75
5,DFS,True,0.3069170000031818,48,30,False,0.625
5,A*,True,0.17299999999664806,19,15,True,0.7894736842105263
5,ACO,True,164.21575000000388,14834,15,True,0.0010111905082917621
6,BFS,True,0.22024999999814554,35,13,True,0.37142857142857144
6,DFS,True,0.25629200000309993,37,30,False,0.8108108108108109
6,A*,True,0.22583300000178497,23,13,True,0.5652173913043478
6,ACO,True,126.06837499999557,11052,13,True,0.0011762576909156715
7,BFS,True,0.19441599999936443,31,11,True,0.3548387096774194
7,DFS,True,0.07608300000327972,12,11,True,0.9166666666666666
7,A*,True,0.12866699999847242,13,11,True,0.8461538461538461
7,ACO,True,94.15983299999908,8750,11,True,0.001257142857142857
8,BFS,True,0.20799999999354668,34,22,True,0.6470588235294118
8,DFS,True,0.17008300000043164,27,22,True,0.8148148148148148
8,A*,True,0.27983299999334577,31,22,True,0.7096774193548387
8,ACO,True,260.00154100000117,22714,22,True,0.0009685656423351237
9,BFS,True,0.25566600000104245,38,15,True,0.39473684210526316
9,DFS,True,0.14754200000055562,23,19,False,0.8260869565217391
9,A*,True,0.2501670000043532,26,15,True,0.5769230769230769
9,ACO,True,184.66229199999873,15984,15,True,0.0009384384384384384
10,BFS,True,0.16624999999947931,27,18,True,0.6666666666666666
10,DFS,True,0.2897079999968355,44,36,False,0.8181818181818182
10,A*,True,0.20354100000474773,22,18,True,0.8181818181818182
10,ACO,True,146.33895900000482,13587,18,True,0.0013247957606535659
11,BFS,True,0.3341250000019613,52,17,True,0.3269230769230769
11,DFS,True,0.26729100000011385,42,33,False,0.7857142857142857
11,A*,True,0.25808299999852125,27,17,True,0.6296296296296297
11,ACO,True,272.38916700000004,23087,17,True,0.0007363451292935418
12,BFS,True,0.2427919999945516,39,14,True,0.358974358974359
12,DFS,True,0.20670899999686299,32,22,False,0.6875
12,A*,True,0.290499999998417,29,14,True,0.4827586206896552
12,ACO,True,126.26908400000048,11316,14,True,0.0012371862849063274
13,BFS,True,0.2169159999994008,34,13,True,0.38235294117647056
13,DFS,True,0.08845800000045756,14,13,True,0.9285714285714286
13,A*,True,0.13166699999800358,14,13,True,0.9285714285714286
13,ACO,True,110.08379199999752,10285,13,True,0.0012639766650461837
14,BFS,True,0.29966700000017,47,11,True,0.23404255319148937
14,DFS,True,0.25458300000025247,39,25,False,0.6410256410256411
14,A*,True,0.18883300000283043,18,11,True,0.6111111111111112
14,ACO,True,143.38416700000067,11802,11,True,0.0009320454160311811
15,BFS,True,0.1576659999997787,25,9,True,0.36
15,DFS,True,0.06204199999615412,10,9,True,0.9
15,A*,True,0.09770799999841984,10,9,True,0.9
15,ACO,True,74.78620799999902,7136,9,True,0.0012612107623318385
16,BFS,True,0.24395800000576173,39,13,True,0.3333333333333333
16,DFS,True,0.09437500000331056,14,13,True,0.9285714285714286
16,A*,True,0.17975000000092223,18,13,True,0.7222222222222222
16,ACO,True,156.27645800000067,13344,13,True,0.0009742206235011991
17,BFS,True,0.14429100000512562,23,16,True,0.6956521739130435
17,DFS,True,0.12674999999973124,20,16,True,0.8
17,A*,True,0.1840410000042425,19,16,True,0.8421052631578947
17,ACO,True,160.9003750000042,14402,16,True,0.0011109568115539507
18,BFS,True,0.30991700000271294,51,16,True,0.3137254901960784
18,DFS,True,0.2796659999972917,44,33,False,0.75
18,A*,True,0.24274999999818192,25,16,True,0.64
18,ACO,True,176.9627079999978,15759,17,False,0.0010787486515641855
19,BFS,True,0.12995800000226154,18,13,True,0.7222222222222222
19,DFS,True,0.0976669999985802,16,13,True,0.8125
19,A*,True,0.1371250000019586,15,13,True,0.8666666666666667
19,ACO,True,102.87320800000543,9815,13,True,0.0013245033112582781
20,BFS,True,0.17820800000123427,29,11,True,0.3793103448275862
20,DFS,True,0.3714999999999691,58,26,False,0.4482758620689655
20,A*,True,0.1142079999993939,12,11,True,0.9166666666666666
20,ACO,True,97.90875000000199,9267,11,True,0.0011870076615949066
21,BFS,True,0.16099999999852344,26,9,True,0.34615384615384615
21,DFS,True,0.10383299999716655,16,15,False,0.9375
21,A*,True,0.09291700000346736,10,9,True,0.9
21,ACO,True,73.24254099999905,7045,9,True,0.00127750177430802
22,BFS,True,0.10033400000253323,16,13,True,0.8125
22,DFS,True,0.10237500000442878,16,13,True,0.8125
22,A*,True,0.12941700000368428,14,13,True,0.9285714285714286
22,ACO,True,102.62804100000267,9812,13,True,0.0013249082755809212
23,BFS,True,0.2522919999989881,41,14,True,0.34146341463414637
23,DFS,True,0.3310410000025854,49,32,False,0.6530612244897959
23,A*,True,0.1662920000029544,17,14,True,0.8235294117647058
23,ACO,True,173.03320799999966,15549,14,True,0.0009003794456235128
24,BFS,True,0.07583299999680548,12,9,True,0.75
24,DFS,True,0.060250000004202775,10,9,True,0.9
24,A*,True,0.09383299999399242,10,9,True,0.9
24,ACO,True,77.29150000000118,7504,9,True,0.001199360341151386
25,BFS,True,0.26916599999537993,42,14,True,0.3333333333333333
25,DFS,True,0.1537080000062474,24,23,False,0.9583333333333334
25,A*,True,0.25287500000104046,26,14,True,0.5384615384615384
25,ACO,True,184.0617920000014,14350,14,True,0.000975609756097561
26,BFS,True,0.32137499999862484,52,14,True,0.2692307692307692
26,DFS,True,0.21745800000161353,34,17,False,0.5
26,A*,True,0.18187500000266255,18,14,True,0.7777777777777778
26,ACO,True,183.47766699999823,15861,14,True,0.0008826681798121178
27,BFS,True,0.1454169999988153,23,13,True,0.5652173913043478
27,DFS,True,0.3174589999943578,50,37,False,0.74
27,A*,True,0.16262500000152613,18,13,True,0.7222222222222222
27,ACO,True,105.08687500000491,10184,13,True,0.0012765121759622938
28,BFS,True,0.22237499999988586,36,13,True,0.3611111111111111
28,DFS,True,0.2378329999999096,37,33,False,0.8918918918918919
28,A*,True,0.13100000000321188,14,13,True,0.9285714285714286
28,ACO,True,109.02187500000338,10255,13,True,0.0012676743052169673
29,BFS,True,0.33529199999549064,56,17,True,0.30357142857142855
29,DFS,True,0.11470800000523695,18,17,True,0.9444444444444444
29,A*,True,0.3005840000014359,33,17,True,0.5151515151515151
29,ACO,True,152.67795799999817,14073,17,True,0.0012079869253179849
30,BFS,True,0.16820800000516556,27,16,True,0.5925925925925926
30,DFS,True,0.13570800000195504,21,20,False,0.9523809523809523
30,A*,True,0.19904100000189828,21,16,True,0.7619047619047619
30,ACO,True,153.1358750000038,13724,16,True,0.0011658408627222385
31,BFS,True,0.3107920000005038,51,13,True,0.2549019607843137
31,DFS,True,0.33495799999627707,53,27,False,0.5094339622641509
31,A*,True,0.17429100000043718,18,13,True,0.7222222222222222
31,ACO,True,166.70612499999748,14192,13,True,0.0009160090191657271
32,BFS,True,0.12908400000100073,20,13,True,0.65
32,DFS,True,0.10362500000127284,16,13,True,0.8125
32,A*,True,0.1636250000061068,17,13,True,0.7647058823529411
32,ACO,True,138.51412500000038,11973,13,True,0.0010857763300760044
33,BFS,True,0.26720900000043457,44,15,True,0.3409090909090909
33,DFS,True,0.16495900000279562,26,25,False,0.9615384615384616
33,A*,True,0.18379099999776827,19,15,True,0.7894736842105263
33,ACO,True,146.74116700000184,13386,15,True,0.0011205737337516809
34,BFS,True,0.21908400000114625,33,14,True,0.42424242424242425
34,DFS,True,0.09529100000094104,15,14,True,0.9333333333333333
34,A*,True,0.1687090000004332,17,14,True,0.8235294117647058
34,ACO,True,128.815957999997,11780,14,True,0.0011884550084889642
35,BFS,True,0.0651670000024751,10,9,True,0.9
35,DFS,True,0.060624999996150564,10,9,True,0.9
35,A*,True,0.08975000000077671,10,9,True,0.9
35,ACO,True,70.11141699999968,7004,9,True,0.0012849800114220445
36,BFS,True,0.23041600000084372,37,17,True,0.4594594594594595
36,DFS,True,0.11833299999608471,18,17,True,0.9444444444444444
36,A*,True,0.27254199999759976,29,17,True,0.5862068965517241
36,ACO,True,159.65295800000234,14253,17,True,0.0011927313548024978
37,BFS,True,0.20879200000223364,35,11,True,0.3142857142857143
37,DFS,True,0.07304200000390892,12,11,True,0.9166666666666666
37,A*,True,0.22679199999942057,24,11,True,0.4583333333333333
37,ACO,True,97.89741699999865,8683,11,True,0.001266843256938846
38,BFS,True,0.25033299999677183,39,17,True,0.4358974358974359
38,DFS,True,0.22641700000036735,35,26,False,0.7428571428571429
38,A*,True,0.2169580000028759,22,17,True,0.7727272727272727
38,ACO,True,145.63170800000336,13306,17,True,0.0012776191191943484
39,BFS,True,0.3016249999987508,50,16,True,0.32
39,DFS,True,0.11979199999956336,19,16,True,0.8421052631578947
39,A*,True,0.399291000000801,43,16,True,0.37209302325581395
39,ACO,True,182.31283299999745,16270,16,True,0.0009834050399508297
40,BFS,True,0.13650000000353657,22,15,True,0.6818181818181818
40,DFS,True,0.1262919999973633,20,15,True,0.75
40,A*,True,0.1759999999961792,19,15,True,0.7894736842105263
40,ACO,True,439.81508299999916,35313,15,True,0.0004247727465805794
41,BFS,True,0.06908300000674217,11,9,True,0.8181818181818182
41,DFS,True,0.14808299999913288,23,20,False,0.8695652173913043
41,A*,True,0.08883299999951078,10,9,True,0.9
41,ACO,True,68.97416700000036,7000,9,True,0.0012857142857142856
42,BFS,True,0.08804099999792925,14,9,True,0.6428571428571429
42,DFS,True,0.060000000004833964,10,9,True,0.9
42,A*,True,0.09183299999904193,10,9,True,0.9
42,ACO,True,72.04762499999617,7051,9,True,0.0012764146929513545
43,BFS,True,0.18829100000061771,30,13,True,0.43333333333333335
43,DFS,True,0.09158400000330857,14,13,True,0.9285714285714286
43,A*,True,0.18379200000140372,19,13,True,0.6842105263157895
43,ACO,True,121.47779099999667,10557,13,True,0.0012314104385715639
44,BFS,True,0.2853330000007759,47,14,True,0.2978723404255319
44,DFS,True,0.10145899999969288,16,15,False,0.9375
44,A*,True,0.24274999999818192,25,14,True,0.56
44,ACO,True,126.93391699999523,11177,14,True,0.0012525722465777937
45,BFS,True,0.2150830000005044,35,11,True,0.3142857142857143
45,DFS,True,0.07612499999964939,12,11,True,0.9166666666666666
45,A*,True,0.12137500000619639,12,11,True,0.9166666666666666
45,ACO,True,98.93412499999954,8881,11,True,0.001238599256840446
46,BFS,True,0.10387500000064165,17,11,True,0.6470588235294118
46,DFS,True,0.0748340000029657,12,11,True,0.9166666666666666
46,A*,True,0.14395800000244208,14,11,True,0.7857142857142857
46,ACO,True,96.41620800000084,8653,11,True,0.0012712354096845026
47,BFS,True,0.17829200000107903,29,11,True,0.3793103448275862
47,DFS,True,0.2200839999986215,35,18,False,0.5142857142857142
47,A*,True,0.11545799999623796,12,11,True,0.9166666666666666
47,ACO,True,92.02145900000147,8717,11,True,0.0012619020305150855
48,BFS,True,0.4173749999978327,62,16,True,0.25806451612903225
48,DFS,True,0.22362500000383534,35,25,False,0.7142857142857143
48,A*,True,0.4306659999997464,47,16,True,0.3404255319148936
48,ACO,True,901.7961659999969,71092,17,False,0.00023912676531817926
49,BFS,True,0.2967080000004785,49,13,True,0.2653061224489796
49,DFS,True,0.1566669999988335,25,18,False,0.72
49,A*,True,0.13658299999974588,14,13,True,0.9285714285714286
49,ACO,True,127.79666700000547,11740,13,True,0.0011073253833049405
50,BFS,True,0.22358300000036024,37,14,True,0.3783783783783784
50,DFS,True,0.14087499999959618,22,18,False,0.8181818181818182
50,A*,True,0.19262500000394311,18,14,True,0.7777777777777778
50,ACO,True,161.95179199999643,14113,14,True,0.0009919931977609296
51,BFS,True,0.20487500000143655,33,11,True,0.3333333333333333
51,DFS,True,0.1583329999945704,24,16,False,0.6666666666666666
51,A*,True,0.1134589999978175,12,11,True,0.9166666666666666
51,ACO,True,93.51008299999819,8770,11,True,0.0012542759407069555
52,BFS,True,0.297624999994639,49,14,True,0.2857142857142857
52,DFS,True,0.22558399999894618,35,31,False,0.8857142857142857
52,A*,True,0.278375000000608,29,14,True,0.4827586206896552
52,ACO,True,141.23104200000114,12489,14,True,0.001120986468091921
53,BFS,True,0.12870799999831206,20,13,True,0.65
53,DFS,True,0.0893329999982484,14,13,True,0.9285714285714286
53,A*,True,0.16191600000325934,17,13,True,0.7647058823529411
53,ACO,True,108.88312499999842,10055,13,True,0.0012928891098955744
54,BFS,True,0.23937499999959755,39,13,True,0.3333333333333333
54,DFS,True,0.10133299999637302,16,13,True,0.8125
54,A*,True,0.27204199999886214,26,13,True,0.5
54,ACO,True,111.80816699999951,10234,13,True,0.0012702755520812977
55,BFS,True,0.1757499999968104,28,11,True,0.39285714285714285
55,DFS,True,0.1754999999974416,28,21,False,0.75
55,A*,True,0.12087500000035334,12,11,True,0.9166666666666666
55,ACO,True,93.94524999999732,8617,11,True,0.0012765463618428687
56,BFS,True,0.2823749999976144,46,17,True,0.3695652173913043
56,DFS,True,0.11779100000097742,18,17,True,0.9444444444444444
56,A*,True,0.2994170000008012,32,17,True,0.53125
56,ACO,True,304.45749999999805,25730,17,True,0.0006607073455110765
57,BFS,True,0.23350000000021964,38,14,True,0.3684210526315789
57,DFS,True,0.2369170000022791,37,25,False,0.6756756756756757
57,A*,True,0.17787499999855072,18,14,True,0.7777777777777778
57,ACO,True,160.37833299999704,14073,14,True,0.0009948127620265756
58,BFS,True,0.11549999999971305,18,13,True,0.7222222222222222
58,DFS,True,0.10325000000221962,16,13,True,0.8125
58,A*,True,0.13162499999452848,14,13,True,0.9285714285714286
58,ACO,True,105.94312500000314,9922,13,True,0.0013102197137673855
59,BFS,True,0.3048749999976508,50,14,True,0.28
59,DFS,True,0.11437499999544798,18,14,True,0.7777777777777778
59,A*,True,0.2978750000011132,31,14,True,0.45161290322580644
59,ACO,True,311.7457080000037,28972,14,True,0.00048322518293524784
60,BFS,True,0.25833299999789006,42,13,True,0.30952380952380953
60,DFS,True,0.32362500000004957,51,38,False,0.7450980392156863
60,A*,True,0.19154099999951768,20,13,True,0.65
60,ACO,True,113.94683299999997,10217,13,True,0.001272389155329353
61,BFS,True,0.3283750000022678,52,14,True,0.2692307692307692
61,DFS,True,0.3197079999992525,49,30,False,0.6122448979591837
61,A*,True,0.2694999999945935,28,14,True,0.5
61,ACO,True,191.5813749999984,16100,14,True,0.0008695652173913044
62,BFS,True,0.2935830000012629,48,14,True,0.2916666666666667
62,DFS,True,0.1746659999994904,27,24,False,0.8888888888888888
62,A*,True,0.24762500000008458,25,14,True,0.56
62,ACO,True,161.8069160000033,14158,14,True,0.00098884023167114
63,BFS,True,0.1239999999995689,19,14,True,0.7368421052631579
63,DFS,True,0.09787500000157934,15,14,True,0.9333333333333333
63,A*,True,0.16445800000042254,17,14,True,0.8235294117647058
63,ACO,True,138.88787500000177,12060,14,True,0.0011608623548922056
64,BFS,True,0.2822500000050354,46,13,True,0.2826086956521739
64,DFS,True,0.33208400000006577,52,44,False,0.8461538461538461
64,A*,True,0.17266700000106994,18,13,True,0.7222222222222222
64,ACO,True,115.2816250000015,10461,13,True,0.0012427110218908325
65,BFS,True,0.24024999999738839,39,13,True,0.3333333333333333
65,DFS,True,0.2902910000059933,46,35,False,0.7608695652173914
65,A*,True,0.14600000000086766,15,13,True,0.8666666666666667
65,ACO,True,118.4439580000003,10717,13,True,0.0012130260334048707
66,BFS,True,0.17462499999965075,28,9,True,0.32142857142857145
66,DFS,True,0.20462500000206774,33,14,False,0.42424242424242425
66,A*,True,0.09800000000126374,10,9,True,0.9
66,ACO,True,77.86208299999942,7256,9,True,0.0012403528114663727
67,BFS,True,0.16041599999994105,25,11,True,0.44
67,DFS,True,0.10920799999780684,17,16,False,0.9411764705882353
67,A*,True,0.13474999999374404,14,11,True,0.7857142857142857
67,ACO,True,93.24533299999871,8531,11,True,0.0012894150744344156
68,BFS,True,0.21324999999450256,34,13,True,0.38235294117647056
68,DFS,True,0.15404199999835555,24,21,False,0.875
68,A*,True,0.15950000000231057,17,13,True,0.7647058823529411
68,ACO,True,131.4497500000016,12022,13,True,0.0010813508567626019
69,BFS,True,0.14083300000322652,23,14,True,0.6086956521739131
69,DFS,True,0.3632909999993217,58,20,False,0.3448275862068966
69,A*,True,0.16308299999678866,18,14,True,0.7777777777777778
69,ACO,True,131.371417000004,12374,14,True,0.0011314045579440763
70,BFS,True,0.2085419999957594,34,22,True,0.6470588235294118
70,DFS,True,0.1471249999980273,23,22,True,0.9565217391304348
70,A*,True,0.29091700000094534,32,22,True,0.6875
70,ACO,True,274.4336660000002,23729,22,True,0.000927135572506216
71,BFS,True,0.29954099999685013,49,13,True,0.2653061224489796
71,DFS,True,0.20808299999686142,32,27,False,0.84375
71,A*,True,0.17258299999411975,18,13,True,0.7222222222222222
71,ACO,True,116.72987500000431,10776,13,True,0.001206384558277654
72,BFS,True,0.29141699999968296,48,16,True,0.3333333333333333
72,DFS,True,0.27949999999776765,44,36,False,0.8181818181818182
72,A*,True,0.4172079999946732,46,16,True,0.34782608695652173
72,ACO,True,1065.9370409999979,85100,16,True,0.00018801410105757932
73,BFS,True,0.3489999999999327,57,16,True,0.2807017543859649
73,DFS,True,0.16670800000184727,26,25,False,0.9615384615384616
73,A*,True,0.2304579999972134,23,16,True,0.6956521739130435
73,ACO,True,151.27195799999527,13401,16,True,0.001193940750690247
74,BFS,True,0.23841699999849197,39,11,True,0.28205128205128205
74,DFS,True,0.09229199999793991,14,13,False,0.9285714285714286
74,A*,True,0.11320899999844869,12,11,True,0.9166666666666666
74,ACO,True,98.56754199999784,9309,11,True,0.0011816521645719197
75,BFS,True,0.36312499999979764,60,17,True,0.2833333333333333
75,DFS,True,0.14029200000464925,22,21,False,0.9545454545454546
75,A*,True,0.3725420000009194,40,17,True,0.425
75,ACO,True,152.45437500000492,13823,17,True,0.0012298343340808797
76,BFS,True,0.20262500000001182,33,11,True,0.3333333333333333
76,DFS,True,0.0764999999987026,12,11,True,0.9166666666666666
76,A*,True,0.21154099999876053,22,11,True,0.5
76,ACO,True,96.98612500000081,8786,11,True,0.001251991805144548
77,BFS,True,0.29854200000301034,49,14,True,0.2857142857142857
77,DFS,True,0.13195900000084748,21,18,False,0.8571428571428571
77,A*,True,0.2241660000024126,23,14,True,0.6086956521739131
77,ACO,True,131.21758300000153,11541,14,True,0.0012130664587124166
78,BFS,True,0.0704999999996403,11,9,True,0.8181818181818182
78,DFS,True,0.0600839999975733,10,9,True,0.9
78,A*,True,0.09241600000109429,10,9,True,0.9
78,ACO,True,71.4427079999993,7041,9,True,0.0012782275244993609
79,BFS,True,0.06824999999821557,11,9,True,0.8181818181818182
79,DFS,True,0.3514170000045169,51,45,False,0.8823529411764706
79,A*,True,0.08741599999950722,10,9,True,0.9
79,ACO,True,68.42629199999806,7000,9,True,0.0012857142857142856
80,BFS,True,0.2406669999999167,40,11,True,0.275
80,DFS,True,0.1445830000008641,21,18,False,0.8571428571428571
80,A*,True,0.11995899999561743,12,11,True,0.9166666666666666
80,ACO,True,101.42133299999756,9246,11,True,0.0011897036556348692
81,BFS,True,0.38950000000426144,65,21,True,0.3230769230769231
81,DFS,True,0.1496660000057659,23,21,True,0.9130434782608695
81,A*,True,0.4186660000016218,45,21,True,0.4666666666666667
81,ACO,True,255.6940420000018,21982,21,True,0.0009553270857974706
82,BFS,True,0.3603749999996353,58,17,True,0.29310344827586204
82,DFS,True,0.3067500000000223,48,37,False,0.7708333333333334
82,A*,True,0.3223750000032055,34,17,True,0.5
82,ACO,True,146.46495900000644,13573,17,True,0.0012524865541884624
83,BFS,True,0.31762500000098726,52,18,True,0.34615384615384615
83,DFS,True,0.23008299999816018,36,33,False,0.9166666666666666
83,A*,True,0.2075829999981238,22,18,True,0.8181818181818182
83,ACO,True,188.7630410000014,16656,18,True,0.001080691642651297
84,BFS,True,0.3408750000062355,56,17,True,0.30357142857142855
84,DFS,True,0.3244999999978404,51,45,False,0.8823529411764706
84,A*,True,0.3338329999991174,36,17,True,0.4722222222222222
84,ACO,True,170.99841699999985,15619,17,True,0.0010884179524937576
85,BFS,True,0.23266699999879847,38,14,True,0.3684210526315789
85,DFS,True,0.19337499999494412,30,25,False,0.8333333333333334
85,A*,True,0.17837500000439377,18,14,True,0.7777777777777778
85,ACO,True,288.9493749999943,24250,14,True,0.000577319587628866
86,BFS,True,0.2657919999933256,43,13,True,0.3023255813953488
86,DFS,True,0.1482909999950266,23,20,False,0.8695652173913043
86,A*,True,0.21858400000240863,22,13,True,0.5909090909090909
86,ACO,True,158.06662499999646,13486,13,True,0.0009639626279104257
87,BFS,True,0.2526669999980413,38,13,True,0.34210526315789475
87,DFS,True,0.11574999999908187,18,13,True,0.7222222222222222
87,A*,True,0.20162500000253658,21,13,True,0.6190476190476191
87,ACO,True,151.18916600000176,13335,15,False,0.0011248593925759281
88,BFS,True,0.22295800000193822,36,11,True,0.3055555555555556
88,DFS,True,0.34554099999439813,55,30,False,0.5454545454545454
88,A*,True,0.11445900000239817,12,11,True,0.9166666666666666
88,ACO,True,93.86733300000571,8687,11,True,0.0012662599286289858
89,BFS,True,0.16500000000263526,26,14,True,0.5384615384615384
89,DFS,True,0.09591599999936307,15,14,True,0.9333333333333333
89,A*,True,0.16225000000247292,17,14,True,0.8235294117647058
89,ACO,True,117.67691699999716,10940,14,True,0.001279707495429616
90,BFS,True,0.2886249999960455,47,13,True,0.2765957446808511
90,DFS,True,0.3086250000023938,49,29,False,0.5918367346938775
90,A*,True,0.13866700000164656,14,13,True,0.9285714285714286
90,ACO,True,160.73633300000267,14217,13,True,0.0009143982556094816
91,BFS,True,0.31533300000319286,49,16,True,0.32653061224489793
91,DFS,True,0.16049999999978581,24,21,False,0.875
91,A*,True,0.23508299999974724,23,16,True,0.6956521739130435
91,ACO,True,187.73933399999976,15349,16,True,0.0010424131865268095
92,BFS,True,0.14945800000276677,23,13,True,0.5652173913043478
92,DFS,True,0.0917499999957272,14,13,True,0.9285714285714286
92,A*,True,0.17837499999728834,19,13,True,0.6842105263157895
92,ACO,True,117.7844580000027,10618,13,True,0.0012243360331512525
93,BFS,True,0.20324999999843385,33,13,True,0.3939393939393939
93,DFS,True,0.09049999999888314,14,13,True,0.9285714285714286
93,A*,True,0.18616699999540742,20,13,True,0.65
93,ACO,True,110.75437499999907,10369,13,True,0.0012537371009740572
94,BFS,True,0.2899999999996794,44,14,True,0.3181818181818182
94,DFS,True,0.22391699999957382,36,29,False,0.8055555555555556
94,A*,True,0.25916699999584125,27,14,True,0.5185185185185185
94,ACO,True,143.8885839999955,13313,14,True,0.0010516036956358446
95,BFS,True,0.3441669999943997,57,15,True,0.2631578947368421
95,DFS,True,0.14316599999375512,22,20,False,0.9090909090909091
95,A*,True,0.22625000000431328,23,15,True,0.6521739130434783
95,ACO,True,178.11962500000078,15349,15,True,0.000977262362368884
96,BFS,True,0.18016599999981509,29,13,True,0.4482758620689655
96,DFS,True,0.22220799999672636,35,28,False,0.8
96,A*,True,0.13229200000353103,14,13,True,0.9285714285714286
96,ACO,True,105.27229200000221,9947,13,True,0.001306926711571328
97,BFS,True,0.18937499999793772,31,11,True,0.3548387096774194
97,DFS,True,0.2380000000030691,37,34,False,0.918918918918919
97,A*,True,0.1425829999988082,15,11,True,0.7333333333333333
97,ACO,True,95.79233299999856,8646,11,True,0.001272264631043257
98,BFS,True,0.1721660000058023,28,18,True,0.6428571428571429
98,DFS,True,0.27224999999475585,42,37,False,0.8809523809523809
98,A*,True,0.23612499999359216,26,18,True,0.6923076923076923
98,ACO,True,331.43312499999666,28128,18,True,0.0006399317406143345
99,BFS,True,0.20333399999827861,31,14,True,0.45161290322580644
99,DFS,True,0.11258400000002666,17,16,False,0.9411764705882353
99,A*,True,0.19174999999904685,20,14,True,0.7
99,ACO,True,134.32862500000198,12294,14,True,0.001138766878151944
100,BFS,True,0.18454199999951015,30,14,True,0.4666666666666667
100,DFS,True,0.3600000000005821,57,30,False,0.5263157894736842
100,A*,True,0.1912090000004696,20,14,True,0.7
100,ACO,True,122.95458399999859,11402,14,True,0.0012278547623223997
